env!,genotype!,yld
IS94a,G001,337.3
SS94a,G001,447.6
HN96b,G001,657
LN96b,G001,71
LN96a,G001,145
IS92a,G001,672
NS92a,G001,1260
SS92a,G001,493.4
IS94a,G002,603.1
SS94a,G002,331.5
HN96b,G002,407
LN96b,G002,140
LN96a,G002,88
IS92a,G002,731.6
NS92a,G002,1143
SS92a,G002,438.4
IS94a,G003,342.1
SS94a,G003,363.2
HN96b,G003,574
LN96b,G003,108
LN96a,G003,171
IS92a,G003,679.8
NS92a,G003,1152
SS92a,G003,409.3
IS94a,G004,208.1
SS94a,G004,224.4
HN96b,G004,343
LN96b,G004,-4
LN96a,G004,110
IS92a,G004,553.9
NS92a,G004,766.9
SS92a,G004,369.1
IS94a,G005,452.9
SS94a,G005,260.7
HN96b,G005,496
LN96b,G005,303
LN96a,G005,166
IS92a,G005,754.2
NS92a,G005,894.7
SS92a,G005,427.3
IS94a,G006,322
SS94a,G006,400.7
HN96b,G006,336
LN96b,G006,36
LN96a,G006,251
IS92a,G006,593.9
NS92a,G006,1144
SS92a,G006,267.4
IS94a,G007,335.6
SS94a,G007,326
HN96b,G007,578
LN96b,G007,47
LN96a,G007,350
IS92a,G007,677.6
NS92a,G007,1094
SS92a,G007,376.4
IS94a,G008,143.9
SS94a,G008,416.5
HN96b,G008,531
LN96b,G008,57
LN96a,G008,213
IS92a,G008,383.8
NS92a,G008,709.6
SS92a,G008,158
IS94a,G009,263.7
SS94a,G009,305.7
HN96b,G009,601
LN96b,G009,124
LN96a,G009,194
IS92a,G009,464.4
NS92a,G009,1327
SS92a,G009,201.8
IS94a,G010,506.4
SS94a,G010,556.7
HN96b,G010,669
LN96b,G010,147
LN96a,G010,150
IS92a,G010,610.9
NS92a,G010,1113
SS92a,G010,494.8
IS94a,G011,361
SS94a,G011,301.7
HN96b,G011,353
LN96b,G011,63
LN96a,G011,189
IS92a,G011,538.9
NS92a,G011,993
SS92a,G011,348.5
IS94a,G012,285.1
SS94a,G012,241.5
HN96b,G012,254
LN96b,G012,14
LN96a,G012,217
IS92a,G012,626.2
NS92a,G012,1024
SS92a,G012,356.2
IS94a,G013,593.5
SS94a,G013,591
HN96b,G013,604
LN96b,G013,187
LN96a,G013,120
IS92a,G013,705.4
NS92a,G013,901.2
SS92a,G013,412.8
IS94a,G014,661.8
SS94a,G014,398.1
HN96b,G014,708
LN96b,G014,254
LN96a,G014,282
IS92a,G014,501.3
NS92a,G014,1082
SS92a,G014,278.2
IS94a,G015,228.9
SS94a,G015,358.1
HN96b,G015,346
LN96b,G015,39
LN96a,G015,85
IS92a,G015,614
NS92a,G015,843.6
SS92a,G015,315.6
IS94a,G016,280.3
SS94a,G016,182.2
HN96b,G016,402
LN96b,G016,42
LN96a,G016,123
IS92a,G016,555.3
NS92a,G016,1143
SS92a,G016,89.9
IS94a,G017,296.3
SS94a,G017,277
HN96b,G017,370
LN96b,G017,57
LN96a,G017,81
IS92a,G017,378
NS92a,G017,809.9
SS92a,G017,215.2
IS94a,G018,251.1
SS94a,G018,479.8
HN96b,G018,694
LN96b,G018,138
LN96a,G018,139
IS92a,G018,504.6
NS92a,G018,1096
SS92a,G018,272.1
IS94a,G019,727.8
SS94a,G019,740.4
HN96b,G019,843
LN96b,G019,143
LN96a,G019,470
IS92a,G019,917.4
NS92a,G019,1502
SS92a,G019,607
IS94a,G020,331.5
SS94a,G020,312.5
HN96b,G020,519
LN96b,G020,121
LN96a,G020,274
IS92a,G020,666.2
NS92a,G020,1164
SS92a,G020,375.3
IS94a,G021,220.6
SS94a,G021,273.5
HN96b,G021,403
LN96b,G021,31
LN96a,G021,174
IS92a,G021,434
NS92a,G021,757.8
SS92a,G021,277.8
IS94a,G022,345.8
SS94a,G022,495.3
HN96b,G022,391
LN96b,G022,19
LN96a,G022,181
IS92a,G022,586
NS92a,G022,1071
SS92a,G022,374.1
IS94a,G023,323.9
SS94a,G023,307.3
HN96b,G023,493
LN96b,G023,142
LN96a,G023,251
IS92a,G023,636.1
NS92a,G023,1063
SS92a,G023,498.4
IS94a,G024,341.4
SS94a,G024,259.8
HN96b,G024,286
LN96b,G024,63
LN96a,G024,195
IS92a,G024,589.6
NS92a,G024,1077
SS92a,G024,303.6
IS94a,G025,322.4
SS94a,G025,652.6
HN96b,G025,634
LN96b,G025,154
LN96a,G025,207
IS92a,G025,844.1
NS92a,G025,1329
SS92a,G025,442
IS94a,G026,381
SS94a,G026,248.4
HN96b,G026,478
LN96b,G026,165
LN96a,G026,255
IS92a,G026,674.9
NS92a,G026,993.7
SS92a,G026,342.3
IS94a,G027,436.9
SS94a,G027,372.4
HN96b,G027,398
LN96b,G027,0
LN96a,G027,162
IS92a,G027,587
NS92a,G027,1261
SS92a,G027,275.8
IS94a,G028,767.8
SS94a,G028,886.7
HN96b,G028,591
LN96b,G028,77
LN96a,G028,168
IS92a,G028,1008
NS92a,G028,1240
SS92a,G028,570
IS94a,G029,284.6
SS94a,G029,368.7
HN96b,G029,375
LN96b,G029,41
LN96a,G029,272
IS92a,G029,430.3
NS92a,G029,859.9
SS92a,G029,271.1
IS94a,G030,437.4
SS94a,G030,630.9
HN96b,G030,667
LN96b,G030,65
LN96a,G030,226
IS92a,G030,565.7
NS92a,G030,1257
SS92a,G030,364.5
IS94a,G031,427.3
SS94a,G031,503.6
HN96b,G031,476
LN96b,G031,53
LN96a,G031,170
IS92a,G031,589
NS92a,G031,1066
SS92a,G031,335.7
IS94a,G032,588.2
SS94a,G032,385.5
HN96b,G032,261
LN96b,G032,86
LN96a,G032,303
IS92a,G032,745
NS92a,G032,1293
SS92a,G032,523.4
IS94a,G033,240.4
SS94a,G033,195.1
HN96b,G033,589
LN96b,G033,101
LN96a,G033,193
IS92a,G033,586.6
NS92a,G033,1112
SS92a,G033,174.7
IS94a,G034,676.9
SS94a,G034,533.4
HN96b,G034,568
LN96b,G034,102
LN96a,G034,237
IS92a,G034,765.5
NS92a,G034,1020
SS92a,G034,526.4
IS94a,G035,403.9
SS94a,G035,231.2
HN96b,G035,409
LN96b,G035,48
LN96a,G035,279
IS92a,G035,477.7
NS92a,G035,737.6
SS92a,G035,262.7
IS94a,G036,335.7
SS94a,G036,313.3
HN96b,G036,424
LN96b,G036,109
LN96a,G036,215
IS92a,G036,644.2
NS92a,G036,965.1
SS92a,G036,468.3
IS94a,G037,475.7
SS94a,G037,344.4
HN96b,G037,518
LN96b,G037,59
LN96a,G037,99
IS92a,G037,674
NS92a,G037,1331
SS92a,G037,411.9
IS94a,G038,303.9
SS94a,G038,220.8
HN96b,G038,303
LN96b,G038,65
LN96a,G038,162
IS92a,G038,451.3
NS92a,G038,966.6
SS92a,G038,180
IS94a,G039,848.7
SS94a,G039,527.1
HN96b,G039,519
LN96b,G039,86
LN96a,G039,168
IS92a,G039,683.4
NS92a,G039,1128
SS92a,G039,501.4
IS94a,G040,424.4
SS94a,G040,292.8
HN96b,G040,363
LN96b,G040,29
LN96a,G040,112
IS92a,G040,596.5
NS92a,G040,934.4
SS92a,G040,398.1
IS94a,G041,279.5
SS94a,G041,152.5
HN96b,G041,655
LN96b,G041,289
LN96a,G041,128
IS92a,G041,401.7
NS92a,G041,546
SS92a,G041,490.1
IS94a,G042,529.1
SS94a,G042,293.3
HN96b,G042,691
LN96b,G042,64
LN96a,G042,102
IS92a,G042,1018
NS92a,G042,1293
SS92a,G042,500.7
IS94a,G043,411.4
SS94a,G043,467.1
HN96b,G043,306
LN96b,G043,67
LN96a,G043,203
IS92a,G043,750.8
NS92a,G043,1202
SS92a,G043,378.1
IS94a,G044,299
SS94a,G044,226.4
HN96b,G044,306
LN96b,G044,41
LN96a,G044,124
IS92a,G044,643.6
NS92a,G044,1026
SS92a,G044,314.6
IS94a,G045,798.3
SS94a,G045,714.7
HN96b,G045,667
LN96b,G045,53
LN96a,G045,282
IS92a,G045,911.1
NS92a,G045,1022
SS92a,G045,401.5
IS94a,G046,250.3
SS94a,G046,391.6
HN96b,G046,408
LN96b,G046,89
LN96a,G046,179
IS92a,G046,499.9
NS92a,G046,838.7
SS92a,G046,273
IS94a,G047,341.9
SS94a,G047,198.9
HN96b,G047,582
LN96b,G047,85
LN96a,G047,159
IS92a,G047,480
NS92a,G047,1335
SS92a,G047,403.9
IS94a,G048,328.5
SS94a,G048,630.7
HN96b,G048,624
LN96b,G048,71
LN96a,G048,174
IS92a,G048,694.5
NS92a,G048,1224
SS92a,G048,300.9
IS94a,G049,432.5
SS94a,G049,340.1
HN96b,G049,348
LN96b,G049,99
LN96a,G049,164
IS92a,G049,644.5
NS92a,G049,1055
SS92a,G049,396.6
IS94a,G050,489.6
SS94a,G050,561.4
HN96b,G050,705
LN96b,G050,179
LN96a,G050,148
IS92a,G050,869.8
NS92a,G050,1186
SS92a,G050,599.5
IS94a,G051,440.5
SS94a,G051,349.1
HN96b,G051,656
LN96b,G051,21
LN96a,G051,184
IS92a,G051,787.1
NS92a,G051,1157
SS92a,G051,383.9
IS94a,G052,451.2
SS94a,G052,392.1
HN96b,G052,386
LN96b,G052,62
LN96a,G052,151
IS92a,G052,734.9
NS92a,G052,1110
SS92a,G052,304.8
IS94a,G053,305.7
SS94a,G053,332.6
HN96b,G053,457
LN96b,G053,121
LN96a,G053,161
IS92a,G053,600.9
NS92a,G053,768.5
SS92a,G053,380.5
IS94a,G054,428.2
SS94a,G054,347.8
HN96b,G054,490
LN96b,G054,24
LN96a,G054,223
IS92a,G054,482.2
NS92a,G054,1192
SS92a,G054,282.2
IS94a,G055,643.1
SS94a,G055,620.2
HN96b,G055,602
LN96b,G055,73
LN96a,G055,290
IS92a,G055,729.3
NS92a,G055,1522
SS92a,G055,455.2
IS94a,G056,677
SS94a,G056,731.7
HN96b,G056,675
LN96b,G056,99
LN96a,G056,284
IS92a,G056,733.1
NS92a,G056,1166
SS92a,G056,453.9
IS94a,G057,510.7
SS94a,G057,419.4
HN96b,G057,531
LN96b,G057,65
LN96a,G057,105
IS92a,G057,655.9
NS92a,G057,1129
SS92a,G057,314.3
IS94a,G058,317.6
SS94a,G058,242.3
HN96b,G058,403
LN96b,G058,59
LN96a,G058,157
IS92a,G058,507.1
NS92a,G058,1146
SS92a,G058,582.8
IS94a,G059,314.3
SS94a,G059,379.5
HN96b,G059,200
LN96b,G059,25
LN96a,G059,156
IS92a,G059,634
NS92a,G059,961.4
SS92a,G059,356.8
IS94a,G060,506.6
SS94a,G060,222.1
HN96b,G060,519
LN96b,G060,233
LN96a,G060,155
IS92a,G060,602.6
NS92a,G060,854.9
SS92a,G060,272.8
IS94a,G061,461.1
SS94a,G061,665
HN96b,G061,790
LN96b,G061,104
LN96a,G061,220
IS92a,G061,737.5
NS92a,G061,1429
SS92a,G061,279.4
IS94a,G062,615.9
SS94a,G062,520.8
HN96b,G062,640
LN96b,G062,136
LN96a,G062,118
IS92a,G062,919.6
NS92a,G062,1154
SS92a,G062,384.7
IS94a,G063,428.6
SS94a,G063,328.1
HN96b,G063,468
LN96b,G063,49
LN96a,G063,179
IS92a,G063,567.9
NS92a,G063,975.9
SS92a,G063,492.2
IS94a,G064,276.6
SS94a,G064,349.2
HN96b,G064,169
LN96b,G064,82
LN96a,G064,173
IS92a,G064,729.1
NS92a,G064,967.9
SS92a,G064,334
IS94a,G065,534.9
SS94a,G065,341.3
HN96b,G065,619
LN96b,G065,47
LN96a,G065,165
IS92a,G065,722.9
NS92a,G065,1129
SS92a,G065,330
IS94a,G066,516.1
SS94a,G066,551
HN96b,G066,570
LN96b,G066,77
LN96a,G066,202
IS92a,G066,652.3
NS92a,G066,1147
SS92a,G066,355.4
IS94a,G067,847.1
SS94a,G067,578.2
HN96b,G067,478
LN96b,G067,71
LN96a,G067,335
IS92a,G067,889.5
NS92a,G067,1299
SS92a,G067,533
IS94a,G068,693.9
SS94a,G068,783.2
HN96b,G068,689
LN96b,G068,137
LN96a,G068,331
IS92a,G068,597.2
NS92a,G068,1391
SS92a,G068,628.9
IS94a,G069,681.7
SS94a,G069,439.2
HN96b,G069,655
LN96b,G069,109
LN96a,G069,200
IS92a,G069,818.5
NS92a,G069,1235
SS92a,G069,488.9
IS94a,G070,252.4
SS94a,G070,408.2
HN96b,G070,548
LN96b,G070,27
LN96a,G070,142
IS92a,G070,636.3
NS92a,G070,972.5
SS92a,G070,299.9
IS94a,G071,209.7
SS94a,G071,380.8
HN96b,G071,240
LN96b,G071,17
LN96a,G071,106
IS92a,G071,572.5
NS92a,G071,939
SS92a,G071,213.6
IS94a,G072,419.2
SS94a,G072,417.7
HN96b,G072,606
LN96b,G072,29
LN96a,G072,296
IS92a,G072,673.1
NS92a,G072,1165
SS92a,G072,389.9
IS94a,G073,41.67
SS94a,G073,335.4
HN96b,G073,161
LN96b,G073,23
LN96a,G073,142
IS92a,G073,438.9
NS92a,G073,887.5
SS92a,G073,173.6
IS94a,G074,268.7
SS94a,G074,346.4
HN96b,G074,254
LN96b,G074,35
LN96a,G074,142
IS92a,G074,644.4
NS92a,G074,1005
SS92a,G074,231.3
IS94a,G075,324.4
SS94a,G075,469.5
HN96b,G075,601
LN96b,G075,29
LN96a,G075,197
IS92a,G075,680.6
NS92a,G075,1068
SS92a,G075,273.4
IS94a,G076,270.1
SS94a,G076,67.52
HN96b,G076,101
LN96b,G076,-6
LN96a,G076,93
IS92a,G076,434.6
NS92a,G076,731.9
SS92a,G076,323.8
IS94a,G077,556.7
SS94a,G077,797.4
HN96b,G077,644
LN96b,G077,53
LN96a,G077,81
IS92a,G077,770.6
NS92a,G077,1081
SS92a,G077,502.9
IS94a,G078,536
SS94a,G078,351.3
HN96b,G078,382
LN96b,G078,59
LN96a,G078,107
IS92a,G078,632.5
NS92a,G078,1255
SS92a,G078,373.2
IS94a,G079,448
SS94a,G079,262.2
HN96b,G079,407
LN96b,G079,85
LN96a,G079,137
IS92a,G079,636.6
NS92a,G079,867.5
SS92a,G079,289.8
IS94a,G080,364.9
SS94a,G080,408.7
HN96b,G080,237
LN96b,G080,64
LN96a,G080,137
IS92a,G080,630.9
NS92a,G080,834.9
SS92a,G080,390.8
IS94a,G081,425.6
SS94a,G081,373.6
HN96b,G081,278
LN96b,G081,97
LN96a,G081,109
IS92a,G081,605
NS92a,G081,1158
SS92a,G081,444.9
IS94a,G082,610.1
SS94a,G082,519.4
HN96b,G082,597
LN96b,G082,105
LN96a,G082,95
IS92a,G082,807.8
NS92a,G082,1265
SS92a,G082,313.3
IS94a,G083,608.7
SS94a,G083,537.2
HN96b,G083,699
LN96b,G083,37
LN96a,G083,267
IS92a,G083,539.3
NS92a,G083,948.6
SS92a,G083,309.6
IS94a,G084,484.5
SS94a,G084,324.9
HN96b,G084,392
LN96b,G084,54
LN96a,G084,241
IS92a,G084,810.8
NS92a,G084,830.6
SS92a,G084,182.2
IS94a,G085,433.4
SS94a,G085,383
HN96b,G085,472
LN96b,G085,108
LN96a,G085,120
IS92a,G085,893.1
NS92a,G085,1146
SS92a,G085,658.5
IS94a,G086,509.9
SS94a,G086,244.4
HN96b,G086,266
LN96b,G086,67
LN96a,G086,163
IS92a,G086,597.4
NS92a,G086,1236
SS92a,G086,534.7
IS94a,G087,548.3
SS94a,G087,518.2
HN96b,G087,362
LN96b,G087,85
LN96a,G087,222
IS92a,G087,497.9
NS92a,G087,1068
SS92a,G087,448.8
IS94a,G088,521.2
SS94a,G088,266.9
HN96b,G088,354
LN96b,G088,97
LN96a,G088,174
IS92a,G088,656.7
NS92a,G088,1116
SS92a,G088,439.8
IS94a,G089,412.7
SS94a,G089,344.1
HN96b,G089,522
LN96b,G089,11
LN96a,G089,96
IS92a,G089,569.9
NS92a,G089,1008
SS92a,G089,573.3
IS94a,G090,175.5
SS94a,G090,335.1
HN96b,G090,376
LN96b,G090,23
LN96a,G090,140
IS92a,G090,450.2
NS92a,G090,822.8
SS92a,G090,209.9
IS94a,G091,426.2
SS94a,G091,349
HN96b,G091,449
LN96b,G091,31
LN96a,G091,154
IS92a,G091,770.4
NS92a,G091,1422
SS92a,G091,482
IS94a,G092,247.4
SS94a,G092,217.8
HN96b,G092,352
LN96b,G092,28
LN96a,G092,120
IS92a,G092,571.8
NS92a,G092,1242
SS92a,G092,329.5
IS94a,G093,410.8
SS94a,G093,290.5
HN96b,G093,109
LN96b,G093,-1
LN96a,G093,154
IS92a,G093,559.9
NS92a,G093,934.8
SS92a,G093,351.9
IS94a,G094,531.3
SS94a,G094,521.2
HN96b,G094,575
LN96b,G094,13
LN96a,G094,299
IS92a,G094,709.1
NS92a,G094,1261
SS92a,G094,527.6
IS94a,G095,254.8
SS94a,G095,354.2
HN96b,G095,273
LN96b,G095,97
LN96a,G095,116
IS92a,G095,451
NS92a,G095,881.7
SS92a,G095,244.7
IS94a,G096,306.6
SS94a,G096,385.9
HN96b,G096,503
LN96b,G096,120
LN96a,G096,210
IS92a,G096,453
NS92a,G096,1134
SS92a,G096,174.5
IS94a,G097,445.1
SS94a,G097,341.5
HN96b,G097,300
LN96b,G097,55
LN96a,G097,165
IS92a,G097,635.4
NS92a,G097,1145
SS92a,G097,226.2
IS94a,G098,251.4
SS94a,G098,311.8
HN96b,G098,446
LN96b,G098,95
LN96a,G098,143
IS92a,G098,644.3
NS92a,G098,952.4
SS92a,G098,223
IS94a,G099,459.5
SS94a,G099,454.8
HN96b,G099,415
LN96b,G099,110
LN96a,G099,139
IS92a,G099,532.6
NS92a,G099,1151
SS92a,G099,419
IS94a,G100,352.6
SS94a,G100,694.9
HN96b,G100,460
LN96b,G100,99
LN96a,G100,207
IS92a,G100,651.5
NS92a,G100,1155
SS92a,G100,405.8
IS94a,G101,502.6
SS94a,G101,356.3
HN96b,G101,627
LN96b,G101,202
LN96a,G101,117
IS92a,G101,651.2
NS92a,G101,830.9
SS92a,G101,257.9
IS94a,G102,319.4
SS94a,G102,161.3
HN96b,G102,228
LN96b,G102,57
LN96a,G102,263
IS92a,G102,740.8
NS92a,G102,901.9
SS92a,G102,374.4
IS94a,G103,387
SS94a,G103,317.8
HN96b,G103,534
LN96b,G103,102
LN96a,G103,216
IS92a,G103,691
NS92a,G103,1445
SS92a,G103,393.6
IS94a,G104,281
SS94a,G104,322.5
HN96b,G104,458
LN96b,G104,185
LN96a,G104,299
IS92a,G104,525.5
NS92a,G104,1269
SS92a,G104,543.6
IS94a,G105,429.7
SS94a,G105,482.1
HN96b,G105,593
LN96b,G105,111
LN96a,G105,209
IS92a,G105,737.8
NS92a,G105,1346
SS92a,G105,271.8
IS94a,G106,644.2
SS94a,G106,732.2
HN96b,G106,517
LN96b,G106,187
LN96a,G106,249
IS92a,G106,920.2
NS92a,G106,1270
SS92a,G106,514.3
IS94a,G107,242.3
SS94a,G107,338.7
HN96b,G107,494
LN96b,G107,34
LN96a,G107,148
IS92a,G107,698
NS92a,G107,956.4
SS92a,G107,317.4
IS94a,G108,341.5
SS94a,G108,524.3
HN96b,G108,618
LN96b,G108,47
LN96a,G108,180
IS92a,G108,664.7
NS92a,G108,919.5
SS92a,G108,446.6
IS94a,G109,546.5
SS94a,G109,599.6
HN96b,G109,436
LN96b,G109,83
LN96a,G109,164
IS92a,G109,857.8
NS92a,G109,1085
SS92a,G109,369.9
IS94a,G110,521.8
SS94a,G110,589.1
HN96b,G110,392
LN96b,G110,-11
LN96a,G110,170
IS92a,G110,801.7
NS92a,G110,1227
SS92a,G110,339.3
IS94a,G111,179.4
SS94a,G111,369.2
HN96b,G111,464
LN96b,G111,117
LN96a,G111,182
IS92a,G111,404.3
NS92a,G111,892.8
SS92a,G111,122.7
IS94a,G112,256.6
SS94a,G112,303.3
HN96b,G112,447
LN96b,G112,118
LN96a,G112,169
IS92a,G112,423.9
NS92a,G112,583.9
SS92a,G112,269.6
IS94a,G113,207.8
SS94a,G113,128.6
HN96b,G113,149
LN96b,G113,-45
LN96a,G113,108
IS92a,G113,451.4
NS92a,G113,811.7
SS92a,G113,173.5
IS94a,G114,544.4
SS94a,G114,519.8
HN96b,G114,728
LN96b,G114,83
LN96a,G114,216
IS92a,G114,652.5
NS92a,G114,778.9
SS92a,G114,223.4
IS94a,G115,304.9
SS94a,G115,443.2
HN96b,G115,514
LN96b,G115,347
LN96a,G115,329
IS92a,G115,776.9
NS92a,G115,1038
SS92a,G115,439.5
IS94a,G116,457.8
SS94a,G116,555.9
HN96b,G116,793
LN96b,G116,137
LN96a,G116,257
IS92a,G116,815.8
NS92a,G116,993.1
SS92a,G116,336.6
IS94a,G117,410.5
SS94a,G117,407.7
HN96b,G117,149
LN96b,G117,49
LN96a,G117,228
IS92a,G117,803.7
NS92a,G117,1215
SS92a,G117,329.9
IS94a,G118,122
SS94a,G118,207.6
HN96b,G118,316
LN96b,G118,53
LN96a,G118,168
IS92a,G118,324.9
NS92a,G118,533.1
SS92a,G118,90.02
IS94a,G119,456.3
SS94a,G119,307.9
HN96b,G119,641
LN96b,G119,109
LN96a,G119,139
IS92a,G119,376.6
NS92a,G119,854.1
SS92a,G119,308.3
IS94a,G120,395
SS94a,G120,418.7
HN96b,G120,357
LN96b,G120,121
LN96a,G120,137
IS92a,G120,610.2
NS92a,G120,1282
SS92a,G120,219.1
IS94a,G121,483.9
SS94a,G121,510.2
HN96b,G121,688
LN96b,G121,125
LN96a,G121,467
IS92a,G121,732.2
NS92a,G121,1196
SS92a,G121,630.7
IS94a,G122,465.1
SS94a,G122,520.4
HN96b,G122,632
LN96b,G122,94
LN96a,G122,196
IS92a,G122,758
NS92a,G122,1167
SS92a,G122,258.2
IS94a,G123,769.9
SS94a,G123,779.9
HN96b,G123,678
LN96b,G123,182
LN96a,G123,384
IS92a,G123,919.1
NS92a,G123,1280
SS92a,G123,459.1
IS94a,G124,402.1
SS94a,G124,408
HN96b,G124,515
LN96b,G124,143
LN96a,G124,192
IS92a,G124,412.3
NS92a,G124,1052
SS92a,G124,263.4
IS94a,G125,485.5
SS94a,G125,351.6
HN96b,G125,559
LN96b,G125,123
LN96a,G125,162
IS92a,G125,517.9
NS92a,G125,1340
SS92a,G125,354.2
IS94a,G126,408.2
SS94a,G126,240.7
HN96b,G126,520
LN96b,G126,66
LN96a,G126,156
IS92a,G126,327.1
NS92a,G126,987.6
SS92a,G126,46.63
IS94a,G127,343
SS94a,G127,629.2
HN96b,G127,497
LN96b,G127,129
LN96a,G127,219
IS92a,G127,703.4
NS92a,G127,929.1
SS92a,G127,552.8
IS94a,G128,551.9
SS94a,G128,324.8
HN96b,G128,543
LN96b,G128,47
LN96a,G128,175
IS92a,G128,575
NS92a,G128,669
SS92a,G128,295.4
IS94a,G129,553.5
SS94a,G129,519
HN96b,G129,303
LN96b,G129,192
LN96a,G129,225
IS92a,G129,716.1
NS92a,G129,1104
SS92a,G129,688.8
IS94a,G130,676.5
SS94a,G130,564
HN96b,G130,598
LN96b,G130,48
LN96a,G130,276
IS92a,G130,797.2
NS92a,G130,1414
SS92a,G130,437.5
IS94a,G131,417.6
SS94a,G131,609.3
HN96b,G131,613
LN96b,G131,207
LN96a,G131,234
IS92a,G131,623.1
NS92a,G131,959.2
SS92a,G131,351.3
IS94a,G132,425.4
SS94a,G132,459.3
HN96b,G132,480
LN96b,G132,161
LN96a,G132,131
IS92a,G132,622.2
NS92a,G132,919.9
SS92a,G132,309.2
IS94a,G133,310.5
SS94a,G133,195.4
HN96b,G133,545
LN96b,G133,68
LN96a,G133,246
IS92a,G133,338.9
NS92a,G133,661.1
SS92a,G133,125.8
IS94a,G134,202.1
SS94a,G134,376.2
HN96b,G134,524
LN96b,G134,90
LN96a,G134,163
IS92a,G134,508.9
NS92a,G134,909.8
SS92a,G134,223.9
IS94a,G135,500.1
SS94a,G135,547.2
HN96b,G135,572
LN96b,G135,140
LN96a,G135,164
IS92a,G135,828.1
NS92a,G135,1259
SS92a,G135,589.1
IS94a,G136,391.4
SS94a,G136,433.8
HN96b,G136,563
LN96b,G136,289
LN96a,G136,229
IS92a,G136,454.2
NS92a,G136,1191
SS92a,G136,220.9
IS94a,G137,294.8
SS94a,G137,400
HN96b,G137,760
LN96b,G137,119
LN96a,G137,199
IS92a,G137,601.6
NS92a,G137,1271
SS92a,G137,342.6
IS94a,G138,338.7
SS94a,G138,362.3
HN96b,G138,331
LN96b,G138,34
LN96a,G138,62
IS92a,G138,584.5
NS92a,G138,873.7
SS92a,G138,284.8
IS94a,G139,302.4
SS94a,G139,258.7
HN96b,G139,459
LN96b,G139,-23
LN96a,G139,168
IS92a,G139,550.9
NS92a,G139,697.2
SS92a,G139,270.7
IS94a,G140,101.1
SS94a,G140,293.6
HN96b,G140,402
LN96b,G140,36
LN96a,G140,57
IS92a,G140,411.2
NS92a,G140,598.6
SS92a,G140,246.2
IS94a,G141,364.3
SS94a,G141,478.4
HN96b,G141,381
LN96b,G141,150
LN96a,G141,125
IS92a,G141,464.5
NS92a,G141,718.6
SS92a,G141,359.5
IS94a,G142,467
SS94a,G142,446.9
HN96b,G142,626
LN96b,G142,153
LN96a,G142,200
IS92a,G142,785.6
NS92a,G142,1102
SS92a,G142,592
IS94a,G143,160.2
SS94a,G143,186.6
HN96b,G143,391
LN96b,G143,48
LN96a,G143,98
IS92a,G143,407.2
NS92a,G143,1068
SS92a,G143,259.2
IS94a,G144,668.3
SS94a,G144,566
HN96b,G144,428
LN96b,G144,120
LN96a,G144,100
IS92a,G144,800.4
NS92a,G144,973.8
SS92a,G144,562.7
IS94a,G145,386.9
SS94a,G145,235.2
HN96b,G145,639
LN96b,G145,45
LN96a,G145,187
IS92a,G145,694.4
NS92a,G145,1309
SS92a,G145,424.9
IS94a,G146,362
SS94a,G146,520.7
HN96b,G146,680
LN96b,G146,118
LN96a,G146,190
IS92a,G146,816.3
NS92a,G146,1142
SS92a,G146,331.1
IS94a,G147,255
SS94a,G147,215.2
HN96b,G147,628
LN96b,G147,79
LN96a,G147,197
IS92a,G147,578.5
NS92a,G147,1111
SS92a,G147,284.5
IS94a,G148,466.9
SS94a,G148,188.8
HN96b,G148,533
LN96b,G148,63
LN96a,G148,178
IS92a,G148,567.3
NS92a,G148,924
SS92a,G148,295.1
IS94a,G149,318.6
SS94a,G149,346.9
HN96b,G149,501
LN96b,G149,16
LN96a,G149,109
IS92a,G149,485.3
NS92a,G149,929.5
SS92a,G149,438.2
IS94a,G150,424.1
SS94a,G150,179.5
HN96b,G150,473
LN96b,G150,79
LN96a,G150,114
IS92a,G150,643.6
NS92a,G150,1242
SS92a,G150,172.1
IS94a,G151,464
SS94a,G151,484
HN96b,G151,399
LN96b,G151,30
LN96a,G151,236
IS92a,G151,786.8
NS92a,G151,904.8
SS92a,G151,346.7
IS94a,G152,550.2
SS94a,G152,596.7
HN96b,G152,257
LN96b,G152,160
LN96a,G152,183
IS92a,G152,578.1
NS92a,G152,1075
SS92a,G152,564.8
IS94a,G153,257
SS94a,G153,320.5
HN96b,G153,520
LN96b,G153,40
LN96a,G153,153
IS92a,G153,640.9
NS92a,G153,983.2
SS92a,G153,194.6
IS94a,G154,328.9
SS94a,G154,564.9
HN96b,G154,545
LN96b,G154,138
LN96a,G154,230
IS92a,G154,869.4
NS92a,G154,1126
SS92a,G154,414.3
IS94a,G155,326.5
SS94a,G155,561.4
HN96b,G155,444
LN96b,G155,54
LN96a,G155,151
IS92a,G155,557
NS92a,G155,860.7
SS92a,G155,535.1
IS94a,G156,452.5
SS94a,G156,507.1
HN96b,G156,351
LN96b,G156,63
LN96a,G156,105
IS92a,G156,684.8
NS92a,G156,1002
SS92a,G156,594.9
IS94a,G157,380.6
SS94a,G157,285.6
HN96b,G157,369
LN96b,G157,70
LN96a,G157,219
IS92a,G157,618.8
NS92a,G157,801.2
SS92a,G157,462.3
IS94a,G158,311
SS94a,G158,542.3
HN96b,G158,363
LN96b,G158,35
LN96a,G158,205
IS92a,G158,609.2
NS92a,G158,936
SS92a,G158,345.2
IS94a,G159,573.5
SS94a,G159,584.2
HN96b,G159,458
LN96b,G159,25
LN96a,G159,260
IS92a,G159,673.3
NS92a,G159,1310
SS92a,G159,478.4
IS94a,G160,491.8
SS94a,G160,667
HN96b,G160,668
LN96b,G160,233
LN96a,G160,245
IS92a,G160,774
NS92a,G160,1430
SS92a,G160,573.2
IS94a,G161,391.7
SS94a,G161,627.7
HN96b,G161,808
LN96b,G161,64
LN96a,G161,205
IS92a,G161,865.4
NS92a,G161,1190
SS92a,G161,575
IS94a,G162,566.9
SS94a,G162,571.3
HN96b,G162,485
LN96b,G162,88
LN96a,G162,191
IS92a,G162,610.3
NS92a,G162,978.5
SS92a,G162,644.6
IS94a,G163,335.2
SS94a,G163,415.2
HN96b,G163,405
LN96b,G163,56
LN96a,G163,116
IS92a,G163,633.1
NS92a,G163,967
SS92a,G163,371
IS94a,G164,511
SS94a,G164,432.6
HN96b,G164,448
LN96b,G164,64
LN96a,G164,192
IS92a,G164,757.7
NS92a,G164,1151
SS92a,G164,331.4
IS94a,G165,338.7
SS94a,G165,458.1
HN96b,G165,553
LN96b,G165,53
LN96a,G165,218
IS92a,G165,579.9
NS92a,G165,1243
SS92a,G165,316.1
IS94a,G166,369.2
SS94a,G166,560.3
HN96b,G166,720
LN96b,G166,105
LN96a,G166,150
IS92a,G166,750.5
NS92a,G166,1175
SS92a,G166,546.8
IS94a,G167,534.7
SS94a,G167,417.9
HN96b,G167,437
LN96b,G167,251
LN96a,G167,152
IS92a,G167,515.6
NS92a,G167,888.5
SS92a,G167,525.8
IS94a,G168,724
SS94a,G168,632.7
HN96b,G168,626
LN96b,G168,79
LN96a,G168,149
IS92a,G168,694.4
NS92a,G168,1324
SS92a,G168,443.7
IS94a,G169,311
SS94a,G169,179.6
HN96b,G169,354
LN96b,G169,78
LN96a,G169,141
IS92a,G169,840.9
NS92a,G169,1054
SS92a,G169,295.3
IS94a,G170,407.7
SS94a,G170,387
HN96b,G170,310
LN96b,G170,45
LN96a,G170,178
IS92a,G170,683.7
NS92a,G170,1172
SS92a,G170,324
IS94a,G171,303.2
SS94a,G171,316.9
HN96b,G171,342
LN96b,G171,107
LN96a,G171,152
IS92a,G171,532.1
NS92a,G171,807.1
SS92a,G171,263.3
IS94a,G172,483.6
SS94a,G172,572.8
HN96b,G172,729
LN96b,G172,89
LN96a,G172,173
IS92a,G172,982.7
NS92a,G172,1186
SS92a,G172,210.9
IS94a,G173,285.2
SS94a,G173,235.9
HN96b,G173,412
LN96b,G173,68
LN96a,G173,141
IS92a,G173,562.6
NS92a,G173,873.9
SS92a,G173,291.2
IS94a,G174,337.8
SS94a,G174,150.5
HN96b,G174,513
LN96b,G174,73
LN96a,G174,149
IS92a,G174,446.4
NS92a,G174,907.5
SS92a,G174,179.2
IS94a,G175,312
SS94a,G175,398.7
HN96b,G175,242
LN96b,G175,67
LN96a,G175,237
IS92a,G175,505.4
NS92a,G175,826.4
SS92a,G175,348.2
IS94a,G176,526.6
SS94a,G176,542.7
HN96b,G176,355
LN96b,G176,49
LN96a,G176,192
IS92a,G176,583.9
NS92a,G176,723
SS92a,G176,549.4
IS94a,G177,549.4
SS94a,G177,360.8
HN96b,G177,644
LN96b,G177,98
LN96a,G177,193
IS92a,G177,815.4
NS92a,G177,1152
SS92a,G177,440.7
IS94a,G178,378.2
SS94a,G178,323.8
HN96b,G178,258
LN96b,G178,57
LN96a,G178,131
IS92a,G178,703.1
NS92a,G178,964
SS92a,G178,500.4
IS94a,G179,342.3
SS94a,G179,243.6
HN96b,G179,513
LN96b,G179,-6
LN96a,G179,183
IS92a,G179,565.2
NS92a,G179,991.9
SS92a,G179,169
IS94a,G180,180
SS94a,G180,222.2
HN96b,G180,386
LN96b,G180,53
LN96a,G180,62
IS92a,G180,533.1
NS92a,G180,583.1
SS92a,G180,167.2
IS94a,G181,340
SS94a,G181,483.3
HN96b,G181,784
LN96b,G181,143
LN96a,G181,189
IS92a,G181,477.1
NS92a,G181,1110
SS92a,G181,315.9
IS94a,G182,367.9
SS94a,G182,615.2
HN96b,G182,490
LN96b,G182,44
LN96a,G182,187
IS92a,G182,503.1
NS92a,G182,903
SS92a,G182,318.9
IS94a,G183,433.5
SS94a,G183,444
HN96b,G183,412
LN96b,G183,127
LN96a,G183,207
IS92a,G183,365.3
NS92a,G183,979.9
SS92a,G183,246.1
IS94a,G184,323.6
SS94a,G184,482
HN96b,G184,443
LN96b,G184,115
LN96a,G184,176
IS92a,G184,694.9
NS92a,G184,877.8
SS92a,G184,267.2
IS94a,G185,324
SS94a,G185,324
HN96b,G185,401
LN96b,G185,97
LN96a,G185,163
IS92a,G185,591.1
NS92a,G185,740.7
SS92a,G185,451
IS94a,G186,744.5
SS94a,G186,592.9
HN96b,G186,721
LN96b,G186,221
LN96a,G186,208
IS92a,G186,995.4
NS92a,G186,1337
SS92a,G186,803.9
IS94a,G187,585.3
SS94a,G187,581.7
HN96b,G187,586
LN96b,G187,108
LN96a,G187,183
IS92a,G187,842.2
NS92a,G187,972.5
SS92a,G187,414.1
IS94a,G188,375.2
SS94a,G188,309.3
HN96b,G188,259
LN96b,G188,40
LN96a,G188,123
IS92a,G188,608.4
NS92a,G188,1028
SS92a,G188,301.2
IS94a,G189,599.6
SS94a,G189,383.2
HN96b,G189,398
LN96b,G189,30
LN96a,G189,149
IS92a,G189,637.4
NS92a,G189,1017
SS92a,G189,279.9
IS94a,G190,419.4
SS94a,G190,405.4
HN96b,G190,576
LN96b,G190,41
LN96a,G190,179
IS92a,G190,695.4
NS92a,G190,1058
SS92a,G190,390.8
IS94a,G191,237.2
SS94a,G191,197.4
HN96b,G191,669
LN96b,G191,102
LN96a,G191,128
IS92a,G191,449.4
NS92a,G191,940
SS92a,G191,376.4
IS94a,G192,686.9
SS94a,G192,639
HN96b,G192,657
LN96b,G192,116
LN96a,G192,300
IS92a,G192,994.3
NS92a,G192,1435
SS92a,G192,580.9
IS94a,G193,463.2
SS94a,G193,510.7
HN96b,G193,476
LN96b,G193,57
LN96a,G193,157
IS92a,G193,625.9
NS92a,G193,888.9
SS92a,G193,346.4
IS94a,G194,552.6
SS94a,G194,462.3
HN96b,G194,574
LN96b,G194,19
LN96a,G194,42
IS92a,G194,866.1
NS92a,G194,1311
SS92a,G194,344.4
IS94a,G195,718.3
SS94a,G195,495.7
HN96b,G195,408
LN96b,G195,74
LN96a,G195,206
IS92a,G195,791.9
NS92a,G195,1232
SS92a,G195,483.7
IS94a,G196,450.2
SS94a,G196,359
HN96b,G196,400
LN96b,G196,81
LN96a,G196,266
IS92a,G196,633.7
NS92a,G196,974.6
SS92a,G196,321.1
IS94a,G197,337.3
SS94a,G197,338.4
HN96b,G197,530
LN96b,G197,169
LN96a,G197,142
IS92a,G197,716
NS92a,G197,952.5
SS92a,G197,341.7
IS94a,G198,574.4
SS94a,G198,262.6
HN96b,G198,540
LN96b,G198,93
LN96a,G198,227
IS92a,G198,829
NS92a,G198,1191
SS92a,G198,771.6
IS94a,G199,527.4
SS94a,G199,273.1
HN96b,G199,292
LN96b,G199,50
LN96a,G199,128
IS92a,G199,477.4
NS92a,G199,824.2
SS92a,G199,349.4
IS94a,G200,614.4
SS94a,G200,689.8
HN96b,G200,572
LN96b,G200,244
LN96a,G200,228
IS92a,G200,909.8
NS92a,G200,1202
SS92a,G200,414.1
IS94a,G201,614.6
SS94a,G201,423.8
HN96b,G201,703
LN96b,G201,81
LN96a,G201,216
IS92a,G201,592.4
NS92a,G201,1315
SS92a,G201,348.1
IS94a,G202,400.7
SS94a,G202,431.1
HN96b,G202,294
LN96b,G202,179
LN96a,G202,164
IS92a,G202,651
NS92a,G202,1088
SS92a,G202,280
IS94a,G203,348.9
SS94a,G203,378.4
HN96b,G203,461
LN96b,G203,158
LN96a,G203,196
IS92a,G203,439.4
NS92a,G203,711.6
SS92a,G203,287.5
IS94a,G204,412.8
SS94a,G204,459.2
HN96b,G204,356
LN96b,G204,161
LN96a,G204,173
IS92a,G204,525.6
NS92a,G204,1112
SS92a,G204,442.8
IS94a,G205,331.4
SS94a,G205,320.4
HN96b,G205,559
LN96b,G205,98
LN96a,G205,318
IS92a,G205,448.1
NS92a,G205,1079
SS92a,G205,398.8
IS94a,G206,506.6
SS94a,G206,719.5
HN96b,G206,631
LN96b,G206,121
LN96a,G206,249
IS92a,G206,630.1
NS92a,G206,872.5
SS92a,G206,292.3
IS94a,G207,500.3
SS94a,G207,446.7
HN96b,G207,450
LN96b,G207,166
LN96a,G207,141
IS92a,G207,559.6
NS92a,G207,701
SS92a,G207,278.9
IS94a,G208,424.8
SS94a,G208,600
HN96b,G208,299
LN96b,G208,186
LN96a,G208,121
IS92a,G208,510.3
NS92a,G208,922.1
SS92a,G208,310.4
IS94a,G209,620.5
SS94a,G209,436.8
HN96b,G209,617
LN96b,G209,44
LN96a,G209,172
IS92a,G209,759.5
NS92a,G209,962.3
SS92a,G209,438.8
IS94a,G210,418
SS94a,G210,414.6
HN96b,G210,645
LN96b,G210,174
LN96a,G210,273
IS92a,G210,791.7
NS92a,G210,1018
SS92a,G210,252
IS94a,G211,159.6
SS94a,G211,228.9
HN96b,G211,638
LN96b,G211,24
LN96a,G211,118
IS92a,G211,478.5
NS92a,G211,1002
SS92a,G211,143.5
